<component name="ProjectCodeStyleConfiguration">
  <code_scheme name="Project" version="173">
    <JSCodeStyleSettings>
      <option name="USE_SEMICOLON_AFTER_STATEMENT" value="false" />
      <option name="FORCE_SEMICOLON_STYLE" value="true" />
      <option name="SPACE_BEFORE_GENERATOR_MULT" value="true" />
      <option name="USE_DOUBLE_QUOTES" value="false" />
      <option name="FORCE_QUOTE_STYlE" value="true" />
      <option name="SPACES_WITHIN_IMPORTS" value="true" />
    </JSCodeStyleSettings>
    <MarkdownNavigatorCodeStyleSettings>
      <option name="RIGHT_MARGIN" value="72" />
    </MarkdownNavigatorCodeStyleSettings>
    <codeStyleSettings language="JavaScript">
      <option name="KEEP_BLANK_LINES_IN_CODE" value="1" />
      <option name="SPACE_BEFORE_METHOD_PARENTHESES" value="true" />
      <option name="TERNARY_OPERATION_SIGNS_ON_NEXT_LINE" value="true" />
      <option name="KEEP_SIMPLE_BLOCKS_IN_ONE_LINE" value="true" />
      <option name="KEEP_SIMPLE_METHODS_IN_ONE_LINE" value="true" />
      <indentOptions>
        <option name="INDENT_SIZE" value="2" />
        <option name="CONTINUATION_INDENT_SIZE" value="2" />
        <option name="TAB_SIZE" value="2" />
      </indentOptions>
    </codeStyleSettings>
  </code_scheme>
</component>